Malli,Tarkkuus,Makro-keskiarvo Precision,Makro-keskiarvo Recall,Makro-keskiarvo F1-score,hose_break Precision,hose_break Recall,hose_break F1-score,normal_digging Precision,normal_digging Recall,normal_digging F1-score,normal_empty Precision,normal_empty Recall,normal_empty F1-score,normal_full Precision,normal_full Recall,normal_full F1-score,overload Precision,overload Recall,overload F1-score
SVM,0.9905977165883143,0.9871969549092329,0.9896402917521543,0.9883042805993266,1.0,0.9798657718120806,0.9898305084745763,0.9944954128440368,0.9872495446265938,0.9908592321755028,1.0,1.0,1.0,0.9414893617021277,0.9833333333333333,0.9619565217391305,1.0,0.9977528089887641,0.9988751406074241
Random Forest,0.9912693082605776,0.9876244942421412,0.9907514028632655,0.9890482158058328,1.0,0.9798657718120806,0.9898305084745763,0.9963235294117647,0.9872495446265938,0.9917657822506862,1.0,1.0,1.0,0.9417989417989417,0.9888888888888889,0.964769647696477,1.0,0.9977528089887641,0.9988751406074241
XGBoost,0.9905977165883143,0.9877847889760375,0.9888934793659978,0.9882660390741081,1.0,0.9798657718120806,0.9898305084745763,0.9926873857404022,0.9890710382513661,0.9908759124087592,1.0,1.0,1.0,0.946236559139785,0.9777777777777777,0.9617486338797814,1.0,0.9977528089887641,0.9988751406074241
